country,streaming_hours
Australia,5112.760464346154
Canada,5025.669208793904
India,5334.87503835938
UK,5539.548132158253
US,5255.269697634348
